{
  "silhouette": 0.5655167102813721,
  "davies_bouldin": 1.0867856101640976,
  "calinski_harabasz": 3150.20556640625
}